"","custom.id","Sample.ID","X","vcf_ID","vcf_order","Region","Ecotype","Wild.Sel","Pop","Temp","Sal","Pop.ID","Sample.ID.1","Length","Sex","NOTES","wildNtoS","color","plot.id","atlantic.wild.subset","atlantic.selection.subset","exclude.LM","unrelated","wild_for_assoc","Plot_name.x","Sampling.Site","Lat","Long","Temp_C","Sal_ppt","Sampling.Date","Contact","Length_mm","Tissues","Mean_Annual_Temperature_Celsius","Max_temperature_Celsius","Min_temperature_Celsius","Mean_Annual_Salinity_ppt","dd_0","dd_15","dd_30","Dermo_pressure_since_year","Dermo_pressure","MSX_pressure_since_year","MSX_pressure","Generations_selection","History_of_Introgression","Frequency_of_outbreeding","Number_generations_outbred","Outbreeding_populations","salinity_selection","disease_selection","size_selection","Selection_description","Population_origin_wild","Population_selection_location","Details_notes","Plot_order","Plot_name.y","Pop_Descrip","Type","Plot_color","Plot_pch"
"43","08_Louisiana_CL","CL_1",48,"CL_1",1,"Louisiana",NA,"W","Calcasieu Lake",NA,NA,"CL","1",132,"F","a lot of polydora in shell - very ripe",8,"#8d8072","Louisiana_CL",0,0,1,1,1,"LA-HSCL","Grand Isle, LA",29.815556,-93.348889,13.1,22,"12/??/2016","Jerome La Peyre","132","A,M,G",22.22,31.52,9.99,18.3,0,42.8,218.5,1960,2,"none",0,"none","none","none","none","none","none","none","none","none","wild","none","none",7,"LA-HSCL","(Calcasiue Lake)","wild","#a63603",17
"44","08_Louisiana_CL","CL_2",49,"CL_2",2,"Louisiana",NA,"W","Calcasieu Lake",NA,NA,"CL","2",116,"M","a lot of polydora in shell - very ripe",8,"#8d8072","Louisiana_CL",0,0,1,1,1,"LA-HSCL","Grand Isle, LA",29.815556,-93.348889,13.1,22,"12/??/2016","Jerome La Peyre","116","A,M,G",22.22,31.52,9.99,18.3,0,42.8,218.5,1960,2,"none",0,"none","none","none","none","none","none","none","none","none","wild","none","none",7,"LA-HSCL","(Calcasiue Lake)","wild","#a63603",17
"45","08_Louisiana_CL","CL_3",50,"CL_3",3,"Louisiana",NA,"W","Calcasieu Lake",NA,NA,"CL","3",112,"F","a lot of polydora in shell - very ripe",8,"#8d8072","Louisiana_CL",0,0,1,1,1,"LA-HSCL","Grand Isle, LA",29.815556,-93.348889,13.1,22,"12/??/2016","Jerome La Peyre","112","A,M,G",22.22,31.52,9.99,18.3,0,42.8,218.5,1960,2,"none",0,"none","none","none","none","none","none","none","none","none","wild","none","none",7,"LA-HSCL","(Calcasiue Lake)","wild","#a63603",17
"46","08_Louisiana_CL","CL_4",51,"CL_4",4,"Louisiana",NA,"W","Calcasieu Lake",NA,NA,"CL","4",106,"F","a lot of polydora in shell - very ripe",8,"#8d8072","Louisiana_CL",0,0,1,1,1,"LA-HSCL","Grand Isle, LA",29.815556,-93.348889,13.1,22,"12/??/2016","Jerome La Peyre","106","A,M,G",22.22,31.52,9.99,18.3,0,42.8,218.5,1960,2,"none",0,"none","none","none","none","none","none","none","none","none","wild","none","none",7,"LA-HSCL","(Calcasiue Lake)","wild","#a63603",17
"47","08_Louisiana_CL","CL_5",52,"CL_5",5,"Louisiana",NA,"W","Calcasieu Lake",NA,NA,"CL","5",121,"F","a lot of polydora in shell - very ripe",8,"#8d8072","Louisiana_CL",0,0,1,1,1,"LA-HSCL","Grand Isle, LA",29.815556,-93.348889,13.1,22,"12/??/2016","Jerome La Peyre","121","A,M,G",22.22,31.52,9.99,18.3,0,42.8,218.5,1960,2,"none",0,"none","none","none","none","none","none","none","none","none","wild","none","none",7,"LA-HSCL","(Calcasiue Lake)","wild","#a63603",17
"48","08_Louisiana_CL","CL_6",53,"CL_6",6,"Louisiana",NA,"W","Calcasieu Lake",NA,NA,"CL","6",103,"F","a lot of polydora in shell - very ripe",8,"#8d8072","Louisiana_CL",0,0,1,1,1,"LA-HSCL","Grand Isle, LA",29.815556,-93.348889,13.1,22,"12/??/2016","Jerome La Peyre","103","A,M,G",22.22,31.52,9.99,18.3,0,42.8,218.5,1960,2,"none",0,"none","none","none","none","none","none","none","none","none","wild","none","none",7,"LA-HSCL","(Calcasiue Lake)","wild","#a63603",17
"25","05_ChesBay_CLP","CLP_1",72,"CLP_1",7,"Chesapeake Bay","Low","W","Chlora's Point",21.4,"12.2","CLP","1",122,"F",NA,5,"#167729","ChesBay_CLP",1,0,1,1,1,"CB-LSCP","Choptank River- Chesapeake Bay",38.6270278,-76.135671,21.4,12.2,"10/3/17","Stephanie Tobash Alexander","122","A,M,G",16.13,50,0.3,11.3,0,63,245.6,1960,3,"1960",2,"none","none","none","none","none","none","none","none","none","wild","none","none",6,"CB-LSCP","(Chloraês Point)","wild","#a6d854",17
"26","05_ChesBay_CLP","CLP_2",73,"CLP_2",8,"Chesapeake Bay","Low","W","Chlora's Point",21.4,"12.2","CLP","2",104,NA,NA,5,"#167729","ChesBay_CLP",1,0,1,1,1,"CB-LSCP","Choptank River- Chesapeake Bay",38.6270278,-76.135671,21.4,12.2,"10/3/17","Stephanie Tobash Alexander","104","A,M,G",16.13,50,0.3,11.3,0,63,245.6,1960,3,"1960",2,"none","none","none","none","none","none","none","none","none","wild","none","none",6,"CB-LSCP","(Chloraês Point)","wild","#a6d854",17
"27","05_ChesBay_CLP","CLP_3",74,"CLP_3",9,"Chesapeake Bay","Low","W","Chlora's Point",21.4,"12.2","CLP","3",105,NA,NA,5,"#167729","ChesBay_CLP",1,0,1,1,1,"CB-LSCP","Choptank River- Chesapeake Bay",38.6270278,-76.135671,21.4,12.2,"10/3/17","Stephanie Tobash Alexander","105","A,M,G",16.13,50,0.3,11.3,0,63,245.6,1960,3,"1960",2,"none","none","none","none","none","none","none","none","none","wild","none","none",6,"CB-LSCP","(Chloraês Point)","wild","#a6d854",17
"28","05_ChesBay_CLP","CLP_4",75,"CLP_4",10,"Chesapeake Bay","Low","W","Chlora's Point",21.4,"12.2","CLP","4",113,NA,"polydora",5,"#167729","ChesBay_CLP",1,0,1,1,1,"CB-LSCP","Choptank River- Chesapeake Bay",38.6270278,-76.135671,21.4,12.2,"10/3/17","Stephanie Tobash Alexander","113","A,M,G",16.13,50,0.3,11.3,0,63,245.6,1960,3,"1960",2,"none","none","none","none","none","none","none","none","none","wild","none","none",6,"CB-LSCP","(Chloraês Point)","wild","#a6d854",17
"29","05_ChesBay_CLP","CLP_5",76,"CLP_5",11,"Chesapeake Bay","Low","W","Chlora's Point",21.4,"12.2","CLP","5",100,NA,NA,5,"#167729","ChesBay_CLP",1,0,1,1,1,"CB-LSCP","Choptank River- Chesapeake Bay",38.6270278,-76.135671,21.4,12.2,"10/3/17","Stephanie Tobash Alexander","100","A,M,G",16.13,50,0.3,11.3,0,63,245.6,1960,3,"1960",2,"none","none","none","none","none","none","none","none","none","wild","none","none",6,"CB-LSCP","(Chloraês Point)","wild","#a6d854",17
"30","05_ChesBay_CLP","CLP_6",77,"CLP_6",12,"Chesapeake Bay","Low","W","Chlora's Point",21.4,"12.2","CLP","6",102,NA,NA,5,"#167729","ChesBay_CLP",1,0,1,1,1,"CB-LSCP","Choptank River- Chesapeake Bay",38.6270278,-76.135671,21.4,12.2,"10/3/17","Stephanie Tobash Alexander","102","A,M,G",16.13,50,0.3,11.3,0,63,245.6,1960,3,"1960",2,"none","none","none","none","none","none","none","none","none","wild","none","none",6,"CB-LSCP","(Chloraês Point)","wild","#a6d854",17
"19","04_DelBay_CS","CS_1",12,"CS_1",13,"DelBay","High","W","Cape Shore",NA,"18-20","CS","1",76,"M",NA,4,"#0d9312","DelBay_CS",1,0,1,1,1,"DB-HSCS","Cape Shore, NJ",38.967468,-74.962118,17.3,19,"10/12/16","Ximing Guo","76","A,M",20.88,43.29,-2.47,19,0,19.5,156,1960,3,"1960",3,"none","none","none","none","none","none","none","none","none","wild","none","none",3,"DB-HSCS","(Cape Shore)","wild","#08519c",17
"20","04_DelBay_CS","CS_2",13,"CS_2",14,"DelBay","High","W","Cape Shore",NA,"18-20","CS","2",84,"M",NA,4,"#0d9312","DelBay_CS",1,0,1,1,1,"DB-HSCS","Cape Shore, NJ",38.967468,-74.962118,17.3,19,"10/12/16","Ximing Guo","84","A,M",20.88,43.29,-2.47,19,0,19.5,156,1960,3,"1960",3,"none","none","none","none","none","none","none","none","none","wild","none","none",3,"DB-HSCS","(Cape Shore)","wild","#08519c",17
"21","04_DelBay_CS","CS_3",14,"CS_3",15,"DelBay","High","W","Cape Shore",NA,"18-20","CS","3",94,"M",NA,4,"#0d9312","DelBay_CS",1,0,1,1,1,"DB-HSCS","Cape Shore, NJ",38.967468,-74.962118,17.3,19,"10/12/16","Ximing Guo","94","A,M",20.88,43.29,-2.47,19,0,19.5,156,1960,3,"1960",3,"none","none","none","none","none","none","none","none","none","wild","none","none",3,"DB-HSCS","(Cape Shore)","wild","#08519c",17
"22","04_DelBay_CS","CS_5",15,"CS_5",16,"DelBay","High","W","Cape Shore",NA,"18-20","CS","5",68,"M",NA,4,"#0d9312","DelBay_CS",1,0,1,1,1,"DB-HSCS","Cape Shore, NJ",38.967468,-74.962118,17.3,19,"10/12/16","Ximing Guo","68","A,M",20.88,43.29,-2.47,19,0,19.5,156,1960,3,"1960",3,"none","none","none","none","none","none","none","none","none","wild","none","none",3,"DB-HSCS","(Cape Shore)","wild","#08519c",17
"23","04_DelBay_CS","CS_6",16,"CS_6",17,"DelBay","High","W","Cape Shore",NA,"18-20","CS","6",67,"M",NA,4,"#0d9312","DelBay_CS",1,0,1,1,1,"DB-HSCS","Cape Shore, NJ",38.967468,-74.962118,17.3,19,"10/12/16","Ximing Guo","67","A,M",20.88,43.29,-2.47,19,0,19.5,156,1960,3,"1960",3,"none","none","none","none","none","none","none","none","none","wild","none","none",3,"DB-HSCS","(Cape Shore)","wild","#08519c",17
"24","04_DelBay_CS","CS_7",17,"CS_7",18,"DelBay","High","W","Cape Shore",NA,"18-20","CS","7",71,"F",NA,4,"#0d9312","DelBay_CS",1,0,1,1,1,"DB-HSCS","Cape Shore, NJ",38.967468,-74.962118,17.3,19,"10/12/16","Ximing Guo","71","A,M",20.88,43.29,-2.47,19,0,19.5,156,1960,3,"1960",3,"none","none","none","none","none","none","none","none","none","wild","none","none",3,"DB-HSCS","(Cape Shore)","wild","#08519c",17
"66","15_Ches_Sel_DEBY","DEBY_1",60,"DEBY_1",19,"Chesapeake Bay","High","S","DEBY",NA,NA,"DEBY","1",99,"F","polydora in shell",NA,"#064273","Ches_Sel_DEBY",0,1,1,1,0,"CB-DEBY","York River, VA",37.248056,-76.497118,22.17,30.02,"unknown","Jessica Small","99","A,M,G",20.14,37.2,-1.2,17.51,0.1,39.9,231.9,1960,3,"1960",3,"10","Louisiana, wild Chesapeake Bay introduced to lines between 1998 and 2004 (Frank-Lawale 2014)","between 1998 and 2004","between 1998 and 2004, exact number unknown","Louisiana and wild Chesapeake Bay","moderate_salinity","survival_dermo_MSX_field","large_oysters","Moderate salinity selection (18-23ppt),  4 generations of selection in the Chesapeake Bay for survival to Dermo and MSX before 2016 year class. Prior selection in the Delaware Bay but details unknown.","Wild Delaware Bay","York River, Lynnhaver River, VA","none",14,"CB-DEBY","(kept at York River, HS)","selected","#006d2c",16
"67","15_Ches_Sel_DEBY","DEBY_2",61,"DEBY_2",20,"Chesapeake Bay","High","S","DEBY",NA,NA,"DEBY","2",100,NA,"polydora in shell",NA,"#064273","Ches_Sel_DEBY",0,1,1,1,0,"CB-DEBY","York River, VA",37.248056,-76.497118,22.17,30.02,"unknown","Jessica Small","100","A,M,G",20.14,37.2,-1.2,17.51,0.1,39.9,231.9,1960,3,"1960",3,"10","Louisiana, wild Chesapeake Bay introduced to lines between 1998 and 2004 (Frank-Lawale 2014)","between 1998 and 2005","between 1998 and 2004, exact number unknown","Louisiana and wild Chesapeake Bay","moderate_salinity","survival_dermo_MSX_field","large_oysters","Moderate salinity selection (18-23ppt),  4 generations of selection in the Chesapeake Bay for survival to Dermo and MSX before 2016 year class. Prior selection in the Delaware Bay but details unknown.","Wild Delaware Bay","York River, Lynnhaver River, VA","none",14,"CB-DEBY","(kept at York River, HS)","selected","#006d2c",16
"68","15_Ches_Sel_DEBY","DEBY_3",62,"DEBY_3",21,"Chesapeake Bay","High","S","DEBY",NA,NA,"DEBY","3",118,"F","polydora in shell",NA,"#064273","Ches_Sel_DEBY",0,1,1,1,0,"CB-DEBY","York River, VA",37.248056,-76.497118,22.17,30.02,"unknown","Jessica Small","118","A,M,G",20.14,37.2,-1.2,17.51,0.1,39.9,231.9,1960,3,"1960",3,"10","Louisiana, wild Chesapeake Bay introduced to lines between 1998 and 2004 (Frank-Lawale 2014)","between 1998 and 2006","between 1998 and 2004, exact number unknown","Louisiana and wild Chesapeake Bay","moderate_salinity","survival_dermo_MSX_field","large_oysters","Moderate salinity selection (18-23ppt),  4 generations of selection in the Chesapeake Bay for survival to Dermo and MSX before 2016 year class. Prior selection in the Delaware Bay but details unknown.","Wild Delaware Bay","York River, Lynnhaver River, VA","none",14,"CB-DEBY","(kept at York River, HS)","selected","#006d2c",16
"69","15_Ches_Sel_DEBY","DEBY_4",63,"DEBY_4",22,"Chesapeake Bay","High","S","DEBY",NA,NA,"DEBY","4",115,NA,"polydora in shell",NA,"#064273","Ches_Sel_DEBY",0,1,1,1,0,"CB-DEBY","York River, VA",37.248056,-76.497118,22.17,30.02,"unknown","Jessica Small","115","A,M,G",20.14,37.2,-1.2,17.51,0.1,39.9,231.9,1960,3,"1960",3,"10","Louisiana, wild Chesapeake Bay introduced to lines between 1998 and 2004 (Frank-Lawale 2014)","between 1998 and 2007","between 1998 and 2004, exact number unknown","Louisiana and wild Chesapeake Bay","moderate_salinity","survival_dermo_MSX_field","large_oysters","Moderate salinity selection (18-23ppt),  4 generations of selection in the Chesapeake Bay for survival to Dermo and MSX before 2016 year class. Prior selection in the Delaware Bay but details unknown.","Wild Delaware Bay","York River, Lynnhaver River, VA","none",14,"CB-DEBY","(kept at York River, HS)","selected","#006d2c",16
"70","15_Ches_Sel_DEBY","DEBY_5",64,"DEBY_5",23,"Chesapeake Bay","High","S","DEBY",NA,NA,"DEBY","5",85,NA,"polydora in shell",NA,"#064273","Ches_Sel_DEBY",0,1,1,1,0,"CB-DEBY","York River, VA",37.248056,-76.497118,22.17,30.02,"unknown","Jessica Small","85","A,M,G",20.14,37.2,-1.2,17.51,0.1,39.9,231.9,1960,3,"1960",3,"10","Louisiana, wild Chesapeake Bay introduced to lines between 1998 and 2004 (Frank-Lawale 2014)","between 1998 and 2008","between 1998 and 2004, exact number unknown","Louisiana and wild Chesapeake Bay","moderate_salinity","survival_dermo_MSX_field","large_oysters","Moderate salinity selection (18-23ppt),  4 generations of selection in the Chesapeake Bay for survival to Dermo and MSX before 2016 year class. Prior selection in the Delaware Bay but details unknown.","Wild Delaware Bay","York River, Lynnhaver River, VA","none",14,"CB-DEBY","(kept at York River, HS)","selected","#006d2c",16
"71","15_Ches_Sel_DEBY","DEBY_6",65,"DEBY_6",24,"Chesapeake Bay","High","S","DEBY",NA,NA,"DEBY","6",79,NA,"polydora in shell",NA,"#064273","Ches_Sel_DEBY",0,1,1,1,0,"CB-DEBY","York River, VA",37.248056,-76.497118,22.17,30.02,"unknown","Jessica Small","79","A,M,G",20.14,37.2,-1.2,17.51,0.1,39.9,231.9,1960,3,"1960",3,"10","Louisiana, wild Chesapeake Bay introduced to lines between 1998 and 2004 (Frank-Lawale 2014)","between 1998 and 2009","between 1998 and 2004, exact number unknown","Louisiana and wild Chesapeake Bay","moderate_salinity","survival_dermo_MSX_field","large_oysters","Moderate salinity selection (18-23ppt),  4 generations of selection in the Chesapeake Bay for survival to Dermo and MSX before 2016 year class. Prior selection in the Delaware Bay but details unknown.","Wild Delaware Bay","York River, Lynnhaver River, VA","none",14,"CB-DEBY","(kept at York River, HS)","selected","#006d2c",16
"13","03_DelBay_HC","HC_1",6,"HC_1",25,"DelBay","Low","W","Hope Creek",23.7,"11.1","HC","1",55,NA,"no gonad - salnity ranges from 5-12 ppt - temp from 4-26",3,"#6ee078","DelBay_HC",1,0,1,1,1,"DB-LSHC","Hope Creek, NJ",39.447222,-75.519444,23.7,11.1,"9/18/17","Ximing Guo","55","A,M,G",21.83,30.18,6.2,9.57,0,16,179,1960,3,"1960",2,"none","none","none","none","none","none","none","none","none","wild","none","none",4,"DB-LSHC","(Hope Creek)","wild","skyblue",17
"14","03_DelBay_HC","HC_3",7,"HC_3",26,"DelBay","Low","W","Hope Creek",23.7,"11.1","HC","3",58,NA,"no gonad - salnity ranges from 5-12 ppt - temp from 4-26",3,"#6ee078","DelBay_HC",1,0,1,1,1,"DB-LSHC","Hope Creek, NJ",39.447222,-75.519444,23.7,11.1,"9/18/17","Ximing Guo","58","A,M,G",21.83,30.18,6.2,9.57,0,16,179,1960,3,"1960",2,"none","none","none","none","none","none","none","none","none","wild","none","none",4,"DB-LSHC","(Hope Creek)","wild","skyblue",17
"15","03_DelBay_HC","HC_4",8,"HC_4",27,"DelBay","Low","W","Hope Creek",23.7,"11.1","HC","4",62,NA,"no gonad - salnity ranges from 5-12 ppt - temp from 4-26",3,"#6ee078","DelBay_HC",1,0,1,1,1,"DB-LSHC","Hope Creek, NJ",39.447222,-75.519444,23.7,11.1,"9/18/17","Ximing Guo","62","A,M,G",21.83,30.18,6.2,9.57,0,16,179,1960,3,"1960",2,"none","none","none","none","none","none","none","none","none","wild","none","none",4,"DB-LSHC","(Hope Creek)","wild","skyblue",17
"16","03_DelBay_HC","HC_5",9,"HC_5",28,"DelBay","Low","W","Hope Creek",23.7,"11.1","HC","5",51,NA,"no gonad - salnity ranges from 5-12 ppt - temp from 4-26",3,"#6ee078","DelBay_HC",1,0,1,1,1,"DB-LSHC","Hope Creek, NJ",39.447222,-75.519444,23.7,11.1,"9/18/17","Ximing Guo","51","A,M,G",21.83,30.18,6.2,9.57,0,16,179,1960,3,"1960",2,"none","none","none","none","none","none","none","none","none","wild","none","none",4,"DB-LSHC","(Hope Creek)","wild","skyblue",17
"17","03_DelBay_HC","HC_6",10,"HC_6",29,"DelBay","Low","W","Hope Creek",23.7,"11.1","HC","6",71,NA,"no gonad - salnity ranges from 5-12 ppt - temp from 4-26",3,"#6ee078","DelBay_HC",1,0,1,1,1,"DB-LSHC","Hope Creek, NJ",39.447222,-75.519444,23.7,11.1,"9/18/17","Ximing Guo","71","A,M,G",21.83,30.18,6.2,9.57,0,16,179,1960,3,"1960",2,"none","none","none","none","none","none","none","none","none","wild","none","none",4,"DB-LSHC","(Hope Creek)","wild","skyblue",17
"18","03_DelBay_HC","HC_7",11,"HC_7",30,"DelBay","Low","W","Hope Creek",23.7,"11.1","HC","7",80,NA,"no gonad - salnity ranges from 5-12 ppt - temp from 4-26",3,"#6ee078","DelBay_HC",1,0,1,1,1,"DB-LSHC","Hope Creek, NJ",39.447222,-75.519444,23.7,11.1,"9/18/17","Ximing Guo","80","A,M,G",21.83,30.18,6.2,9.57,0,16,179,1960,3,"1960",2,"none","none","none","none","none","none","none","none","none","wild","none","none",4,"DB-LSHC","(Hope Creek)","wild","skyblue",17
"31","06_ChesBay_HC_VA","HC_VA_1",78,"HC_VA_1",31,"Chesapeake Bay","High","W","Hummock Cove",NA,NA,"HC_VA","1",52,NA,"too small to sex",6,"#105d1f","ChesBay_HC_VA",1,0,1,1,1,"CB-HSHC","Chesapeake Bay",37.618313,-75.664381,20.04,20.23,"unknown","Jessica Small","52","A,M,G",16.87,50,-4.2,19.31,0.1,57.3,253.7,1960,3,"1960",3,"none","none","none","none","none","none","none","none","none","wild","none","none",5,"CB-HSHC","(Hummock Cove)","wild","#31a354",17
"32","06_ChesBay_HC_VA","HC_VA_2",79,"HC_VA_2",32,"Chesapeake Bay","High","W","Hummock Cove",NA,NA,"HC_VA","2",48,NA,"too small to sex",6,"#105d1f","ChesBay_HC_VA",1,0,1,1,1,"CB-HSHC","Chesapeake Bay",37.618313,-75.664381,20.04,20.23,"unknown","Jessica Small","48","A,M,G",16.87,50,-4.2,19.31,0.1,57.3,253.7,1960,3,"1960",3,"none","none","none","none","none","none","none","none","none","wild","none","none",5,"CB-HSHC","(Hummock Cove)","wild","#31a354",17
"33","06_ChesBay_HC_VA","HC_VA_3",80,"HC_VA_3",33,"Chesapeake Bay","High","W","Hummock Cove",NA,NA,"HC_VA","3",42,NA,"too small to sex",6,"#105d1f","ChesBay_HC_VA",1,0,1,1,1,"CB-HSHC","Chesapeake Bay",37.618313,-75.664381,20.04,20.23,"unknown","Jessica Small","42","A,M,G",16.87,50,-4.2,19.31,0.1,57.3,253.7,1960,3,"1960",3,"none","none","none","none","none","none","none","none","none","wild","none","none",5,"CB-HSHC","(Hummock Cove)","wild","#31a354",17
"34","06_ChesBay_HC_VA","HC_VA_4",81,"HC_VA_4",34,"Chesapeake Bay","High","W","Hummock Cove",NA,NA,"HC_VA","4",60,NA,"too small to sex",6,"#105d1f","ChesBay_HC_VA",1,0,1,1,1,"CB-HSHC","Chesapeake Bay",37.618313,-75.664381,20.04,20.23,"unknown","Jessica Small","60","A,M,G",16.87,50,-4.2,19.31,0.1,57.3,253.7,1960,3,"1960",3,"none","none","none","none","none","none","none","none","none","wild","none","none",5,"CB-HSHC","(Hummock Cove)","wild","#31a354",17
"35","06_ChesBay_HC_VA","HC_VA_5",82,"HC_VA_5",35,"Chesapeake Bay","High","W","Hummock Cove",NA,NA,"HC_VA","5",48,NA,"too small to sex",6,"#105d1f","ChesBay_HC_VA",1,0,1,1,1,"CB-HSHC","Chesapeake Bay",37.618313,-75.664381,20.04,20.23,"unknown","Jessica Small","48","A,M,G",16.87,50,-4.2,19.31,0.1,57.3,253.7,1960,3,"1960",3,"none","none","none","none","none","none","none","none","none","wild","none","none",5,"CB-HSHC","(Hummock Cove)","wild","#31a354",17
"36","06_ChesBay_HC_VA","HC_VA_6",83,"HC_VA_6",36,"Chesapeake Bay","High","W","Hummock Cove",NA,NA,"HC_VA","6",52,NA,"too small to sex",6,"#105d1f","ChesBay_HC_VA",1,0,1,1,1,"CB-HSHC","Chesapeake Bay",37.618313,-75.664381,20.04,20.23,"unknown","Jessica Small","52","A,M,G",16.87,50,-4.2,19.31,0.1,57.3,253.7,1960,3,"1960",3,"none","none","none","none","none","none","none","none","none","wild","none","none",5,"CB-HSHC","(Hummock Cove)","wild","#31a354",17
"84","19_Inbred_RU_HG","HG_HG0F2",84,"HG_HG0F2",37,"RU Inbred",NA,"I","RU Inbred",NA,NA,"HG","HG0F2",NA,"F","parent - female",NA,"#ff1818","Inbred_RU_HG",0,0,1,1,0,"DB-NEHG","Cape Shore, NJ",38.967468,-74.962118,17.3,19,"unknown","Ximing Guo","not provided","not provided",20.88,43.29,-2.47,19,0,19.5,156,1960,3,"1960",3,"12","unknown","rotational_crossing","unknown","Long Island Sound, NY","high_salinity","survival_dermo_msx_hatchery","large_oysters","parent, female. Selectively bred for disease resistance through 12 generations of hatchery mating of small number of breeders (10 _ 30 per generation). Gynogenetic diploids were produced in 2013 by blocking the release of polar body II with cytochalasin B in eggs from a single female activated by UV-treated sperm (Guo et al. 1993). NH and HG are all NEH oysters and experienced >12 generations of selection. NH is a core NEH subline, while XGH is an inbred NEH subline. All NEH lines were derived from Long Island Sound. NH and other NEH core sublines received new genetic materials from Long Island Sound. They were maintained by rotational crossing with larger Ne (about 50) to minimize inbreeding. HG gynogen was used for genome sequencing
","Long Island Sound","Long Island Sound","none",12,"DB-NEHG","(gynogen)","inbred","#6a51a3",13
"85","19_Inbred_RU_HG","HG_HG2F1",85,"HG_HG2F1",38,"RU Inbred",NA,"I","RU Inbred",NA,NA,"HG","HG2F1",NA,"F","gynogenetic progeny - female",NA,"#ff1818","Inbred_RU_HG",0,0,1,0,0,"DB-NEHG","Cape Shore, NJ",38.967468,-74.962118,17.3,19,"unknown","Ximing Guo","not provided","not provided",20.88,43.29,-2.47,19,0,19.5,156,1960,3,"1960",3,"12","unknown","rotational_crossing","unknown","Long Island Sound, NY","high_salinity","survival_dermo_msx_hatchery","large_oysters","parent, female. Selectively bred for disease resistance through 12 generations of hatchery mating of small number of breeders (10 _ 30 per generation). Gynogenetic diploids were produced in 2013 by blocking the release of polar body II with cytochalasin B in eggs from a single female activated by UV-treated sperm (Guo et al. 1993). NH and HG are all NEH oysters and experienced >12 generations of selection. NH is a core NEH subline, while XGH is an inbred NEH subline. All NEH lines were derived from Long Island Sound. NH and other NEH core sublines received new genetic materials from Long Island Sound. They were maintained by rotational crossing with larger Ne (about 50) to minimize inbreeding. HG gynogen was used for genome sequencing
","Long Island Sound","Long Island Sound","none",12,"DB-NEHG","(gynogen)","inbred","#6a51a3",13
"86","19_Inbred_RU_HG","HG_HG2M5",86,"HG_HG2M5",39,"RU Inbred",NA,"I","RU Inbred",NA,NA,"HG","HG2M5",NA,"M","gynogenetic progeny - male",NA,"#ff1818","Inbred_RU_HG",0,0,1,0,0,"DB-NEHG","Cape Shore, NJ",38.967468,-74.962118,17.3,19,"unknown","Ximing Guo","not provided","not provided",20.88,43.29,-2.47,19,0,19.5,156,1960,3,"1960",3,"12","unknown","rotational_crossing","unknown","Long Island Sound, NY","high_salinity","survival_dermo_msx_hatchery","large_oysters","parent, female. Selectively bred for disease resistance through 12 generations of hatchery mating of small number of breeders (10 _ 30 per generation). Gynogenetic diploids were produced in 2013 by blocking the release of polar body II with cytochalasin B in eggs from a single female activated by UV-treated sperm (Guo et al. 1993). NH and HG are all NEH oysters and experienced >12 generations of selection. NH is a core NEH subline, while XGH is an inbred NEH subline. All NEH lines were derived from Long Island Sound. NH and other NEH core sublines received new genetic materials from Long Island Sound. They were maintained by rotational crossing with larger Ne (about 50) to minimize inbreeding. HG gynogen was used for genome sequencing
","Long Island Sound","Long Island Sound","none",12,"DB-NEHG","(gynogen)","inbred","#6a51a3",13
"1","01_Maine_HI","HI_1",36,"HI_1",40,"Maine","High","W","Hog Island",24.6,"28","HI","1",82,"M?","HARD TO SEX - NOT A LOT OF GONADAL MATERIAL - ave based on WQ043",1,"#8ccd99","Maine_HI",0,0,1,1,1,"ME-HSHI","Damariscotta River Estuary, ME",44.0133,-69.541689,24.6,28,"8/14/17","Jose Fernandez-Robledo","82","A,M,G",12.42,27,-2,2.77,38.3,402.2,688.7,1990,1,"2000",3,"none","none","none","none","none","none","none","none","none","wild","none","none",1,"ME-HSHI","(Slighly higher salinity - from Hog Island)","wild","#fbb4b9",17
"2","01_Maine_HI","HI_2",37,"HI_2",41,"Maine","High","W","Hog Island",24.6,"28","HI","2",79,"F","ave based on WQ043",1,"#8ccd99","Maine_HI",0,0,1,1,1,"ME-HSHI","Damariscotta River Estuary, ME",44.0133,-69.541689,24.6,28,"8/14/17","Jose Fernandez-Robledo","79","A,M,G",12.42,27,-2,2.77,38.3,402.2,688.7,1990,1,"2000",3,"none","none","none","none","none","none","none","none","none","wild","none","none",1,"ME-HSHI","(Slighly higher salinity - from Hog Island)","wild","#fbb4b9",17
"3","01_Maine_HI","HI_3",38,"HI_3",42,"Maine","High","W","Hog Island",24.6,"28","HI","3",90,"M","ave based on WQ043",1,"#8ccd99","Maine_HI",0,0,1,1,1,"ME-HSHI","Damariscotta River Estuary, ME",44.0133,-69.541689,24.6,28,"8/14/17","Jose Fernandez-Robledo","90","A,M,G",12.42,27,-2,2.77,38.3,402.2,688.7,1990,1,"2000",3,"none","none","none","none","none","none","none","none","none","wild","none","none",1,"ME-HSHI","(Slighly higher salinity - from Hog Island)","wild","#fbb4b9",17
"4","01_Maine_HI","HI_4",39,"HI_4",43,"Maine","High","W","Hog Island",24.6,"28","HI","4",79,"M","ave based on WQ043",1,"#8ccd99","Maine_HI",0,0,1,1,1,"ME-HSHI","Damariscotta River Estuary, ME",44.0133,-69.541689,24.6,28,"8/14/17","Jose Fernandez-Robledo","79","A,M,G",12.42,27,-2,2.77,38.3,402.2,688.7,1990,1,"2000",3,"none","none","none","none","none","none","none","none","none","wild","none","none",1,"ME-HSHI","(Slighly higher salinity - from Hog Island)","wild","#fbb4b9",17
"5","01_Maine_HI","HI_5",40,"HI_5",44,"Maine","High","W","Hog Island",24.6,"28","HI","5",75,"M?","HARD TO SEX - NOT A LOT OF GONADAL MATERIAL - ave based on WQ043",1,"#8ccd99","Maine_HI",0,0,1,1,1,"ME-HSHI","Damariscotta River Estuary, ME",44.0133,-69.541689,24.6,28,"8/14/17","Jose Fernandez-Robledo","75","A,M,G",12.42,27,-2,2.77,38.3,402.2,688.7,1990,1,"2000",3,"none","none","none","none","none","none","none","none","none","wild","none","none",1,"ME-HSHI","(Slighly higher salinity - from Hog Island)","wild","#fbb4b9",17
"6","01_Maine_HI","HI_6",41,"HI_6",45,"Maine","High","W","Hog Island",24.6,"28","HI","6",94,"M","ave based on WQ043",1,"#8ccd99","Maine_HI",0,0,1,1,1,"ME-HSHI","Damariscotta River Estuary, ME",44.0133,-69.541689,24.6,28,"8/14/17","Jose Fernandez-Robledo","94","A,M,G",12.42,27,-2,2.77,38.3,402.2,688.7,1990,1,"2000",3,"none","none","none","none","none","none","none","none","none","wild","none","none",1,"ME-HSHI","(Slighly higher salinity - from Hog Island)","wild","#fbb4b9",17
"49","09_Mexico_LM","LM_1",1,"LM_1",46,"Mexico","High","W","Laguna Madre",28.9,"26","LM","1",97,"F",NA,9,"#FF00FF","Mexico_LM",0,0,0,0,0,"TX-HSLM","Port Mansfield, TX",26.558889,-97.365,28.9,26,"10/5/16","Joel Anderson","97","A,M",23.28,32.4,6.3,28.4,0,38.2,287.7,1960,3,"none",0,"none","none","none","none","none","none","none","none","none","wild","none","none",9,"TX-HSLM","(Laguna Madre)","wild","black",17
"50","09_Mexico_LM","LM_3",2,"LM_3",47,"Mexico","High","W","Laguna Madre",28.9,"26","LM","3",93,"M",NA,9,"#FF00FF","Mexico_LM",0,0,0,0,0,"TX-HSLM","Port Mansfield, TX",26.558889,-97.365,28.9,26,"10/5/16","Joel Anderson","93","A,M",23.28,32.4,6.3,28.4,0,38.2,287.7,1960,3,"none",0,"none","none","none","none","none","none","none","none","none","wild","none","none",9,"TX-HSLM","(Laguna Madre)","wild","black",17
"51","09_Mexico_LM","LM_4",3,"LM_4",48,"Mexico","High","W","Laguna Madre",28.9,"26","LM","4",69,"F",NA,9,"#FF00FF","Mexico_LM",0,0,0,0,0,"TX-HSLM","Port Mansfield, TX",26.558889,-97.365,28.9,26,"10/5/16","Joel Anderson","69","A,M",23.28,32.4,6.3,28.4,0,38.2,287.7,1960,3,"none",0,"none","none","none","none","none","none","none","none","none","wild","none","none",9,"TX-HSLM","(Laguna Madre)","wild","black",17
"52","09_Mexico_LM","LM_7",4,"LM_7",49,"Mexico","High","W","Laguna Madre",28.9,"26","LM","7",75,"M",NA,9,"#FF00FF","Mexico_LM",0,0,0,0,0,"TX-HSLM","Port Mansfield, TX",26.558889,-97.365,28.9,26,"10/5/16","Joel Anderson","75","A,M",23.28,32.4,6.3,28.4,0,38.2,287.7,1960,3,"none",0,"none","none","none","none","none","none","none","none","none","wild","none","none",9,"TX-HSLM","(Laguna Madre)","wild","black",17
"53","09_Mexico_LM","LM_8",5,"LM_8",50,"Mexico","High","W","Laguna Madre",28.9,"26","LM","8",96,"F",NA,9,"#FF00FF","Mexico_LM",0,0,0,0,0,"TX-HSLM","Port Mansfield, TX",26.558889,-97.365,28.9,26,"10/5/16","Joel Anderson","96","A,M",23.28,32.4,6.3,28.4,0,38.2,287.7,1960,3,"none",0,"none","none","none","none","none","none","none","none","none","wild","none","none",9,"TX-HSLM","(Laguna Madre)","wild","black",17
"72","15_Ches_Sel_LOLA","LOLA_1",66,"LOLA_1",51,"Chesapeake Bay","Low","S","LOLA",NA,NA,"LOLA","1",102,NA,"VERY THIN - polydora",NA,"#698dab","Ches_Sel_LOLA",0,1,1,1,0,"CB-LOLA","Chesapeake Bay",37.997583,-76.462051,19.37,0.27,"unknown","Jessica Small","102","A,M,G",16.13,50,0.3,11.3,0,63,245.6,1960,3,"1960",1,"4","none","none","none","none","none","none","none","Low salinity (8-15ppt) selected. It was ñmadeî in 2008 from a number of genetic stocks and was selected at 2yr intervals since then.  Assuming what you have are 2016 animals, I suppose you could say it was selected for 4 generations. ","Louisiana","Kinsale, VA Lewisetta, VA","none",15,"CB-LOLA","(kept at a low salinity site)","selected","#bae4b3",16
"73","15_Ches_Sel_LOLA","LOLA_2",67,"LOLA_2",52,"Chesapeake Bay","Low","S","LOLA",NA,NA,"LOLA","2",90,"M","polydora",NA,"#698dab","Ches_Sel_LOLA",0,0,1,0,0,"CB-LOLA","Chesapeake Bay",37.997583,-76.462051,19.37,0.27,"unknown","Jessica Small","90","A,M,G",16.13,50,0.3,11.3,0,63,245.6,1960,3,"1960",1,"4","none","none","none","none","none","none","none","Low salinity (8-15ppt) selected. It was ñmadeî in 2008 from a number of genetic stocks and was selected at 2yr intervals since then.  Assuming what you have are 2016 animals, I suppose you could say it was selected for 4 generations. ","Louisiana","Kinsale, VA Lewisetta, VA","none",15,"CB-LOLA","(kept at a low salinity site)","selected","#bae4b3",16
"74","15_Ches_Sel_LOLA","LOLA_3",68,"LOLA_3",53,"Chesapeake Bay","Low","S","LOLA",NA,NA,"LOLA","3",100,NA,"polydora",NA,"#698dab","Ches_Sel_LOLA",0,1,1,1,0,"CB-LOLA","Chesapeake Bay",37.997583,-76.462051,19.37,0.27,"unknown","Jessica Small","100","A,M,G",16.13,50,0.3,11.3,0,63,245.6,1960,3,"1960",1,"4","none","none","none","none","none","none","none","Low salinity (8-15ppt) selected. It was ñmadeî in 2008 from a number of genetic stocks and was selected at 2yr intervals since then.  Assuming what you have are 2016 animals, I suppose you could say it was selected for 4 generations. ","Louisiana","Kinsale, VA Lewisetta, VA","none",15,"CB-LOLA","(kept at a low salinity site)","selected","#bae4b3",16
"75","15_Ches_Sel_LOLA","LOLA_4",69,"LOLA_4",54,"Chesapeake Bay","Low","S","LOLA",NA,NA,"LOLA","4",99,"F","polydora",NA,"#698dab","Ches_Sel_LOLA",0,1,1,1,0,"CB-LOLA","Chesapeake Bay",37.997583,-76.462051,19.37,0.27,"unknown","Jessica Small","99","A,M,G",16.13,50,0.3,11.3,0,63,245.6,1960,3,"1960",1,"4","none","none","none","none","none","none","none","Low salinity (8-15ppt) selected. It was ñmadeî in 2008 from a number of genetic stocks and was selected at 2yr intervals since then.  Assuming what you have are 2016 animals, I suppose you could say it was selected for 4 generations. ","Louisiana","Kinsale, VA Lewisetta, VA","none",15,"CB-LOLA","(kept at a low salinity site)","selected","#bae4b3",16
"76","15_Ches_Sel_LOLA","LOLA_5",70,"LOLA_5",55,"Chesapeake Bay","Low","S","LOLA",NA,NA,"LOLA","5",83,"M","polydora",NA,"#698dab","Ches_Sel_LOLA",0,1,1,1,0,"CB-LOLA","Chesapeake Bay",37.997583,-76.462051,19.37,0.27,"unknown","Jessica Small","83","A,M,G",16.13,50,0.3,11.3,0,63,245.6,1960,3,"1960",1,"4","none","none","none","none","none","none","none","Low salinity (8-15ppt) selected. It was ñmadeî in 2008 from a number of genetic stocks and was selected at 2yr intervals since then.  Assuming what you have are 2016 animals, I suppose you could say it was selected for 4 generations. ","Louisiana","Kinsale, VA Lewisetta, VA","none",15,"CB-LOLA","(kept at a low salinity site)","selected","#bae4b3",16
"77","15_Ches_Sel_LOLA","LOLA_6",71,"LOLA_6",56,"Chesapeake Bay","Low","S","LOLA",NA,NA,"LOLA","6",95,"F","polydora",NA,"#698dab","Ches_Sel_LOLA",0,1,1,1,0,"CB-LOLA","Chesapeake Bay",37.997583,-76.462051,19.37,0.27,"unknown","Jessica Small","95","A,M,G",16.13,50,0.3,11.3,0,63,245.6,1960,3,"1960",1,"4","none","none","none","none","none","none","none","Low salinity (8-15ppt) selected. It was ñmadeî in 2008 from a number of genetic stocks and was selected at 2yr intervals since then.  Assuming what you have are 2016 animals, I suppose you could say it was selected for 4 generations. ","Louisiana","Kinsale, VA Lewisetta, VA","none",15,"CB-LOLA","(kept at a low salinity site)","selected","#bae4b3",16
"60","14_DelBay_Sel_NEH","NEH_1",18,"NEH_1",57,"DelBay","Selected","S","NEH93",NA,NA,"NEH","1",80,"M",NA,NA,"#7fcdff","DelBay_Sel_NEH",0,0,1,0,0,"DB-NEHD","Cape Shore, NJ",38.967468,-74.962118,17.3,19,"unknown","Ximing Guo","80","A,M,G",20.88,43.29,-2.47,19,0,19.5,156,1960,3,"1960",3,"14","unknown","rotational_crossing","unknown","Long Island Sound, NY","high_salinity","survival_dermo_msx_hatchery","large_oysters","All NEH lines were derived from Long Island Sound. NH and other NEH core sublines received new genetic materials from Long Island Sound. They were maintained by rotational crossing with larger Ne (about 50) to minimize inbreeding. NEH93 is a core NEH subline, same as NH but two generations further than NH.","Long Island Sound","Long Island Sound","none",11,"DB-NEHD","(kept at Cape Shore HS)","selected","#9e9ac8",16
"61","14_DelBay_Sel_NEH","NEH_2",19,"NEH_2",58,"DelBay","Selected","S","NEH93",NA,NA,"NEH","2",73,NA,"no gonadal material",NA,"#7fcdff","DelBay_Sel_NEH",0,1,1,1,0,"DB-NEHD","Cape Shore, NJ",38.967468,-74.962118,17.3,19,"unknown","Ximing Guo","73","A,M,G",20.88,43.29,-2.47,19,0,19.5,156,1960,3,"1960",3,"14","unknown","rotational_crossing","unknown","Long Island Sound, NY","high_salinity","survival_dermo_msx_hatchery","large_oysters","All NEH lines were derived from Long Island Sound. NH and other NEH core sublines received new genetic materials from Long Island Sound. They were maintained by rotational crossing with larger Ne (about 50) to minimize inbreeding. NEH93 is a core NEH subline, same as NH but two generations further than NH.","Long Island Sound","Long Island Sound","none",11,"DB-NEHD","(kept at Cape Shore HS)","selected","#9e9ac8",16
"62","14_DelBay_Sel_NEH","NEH_3",20,"NEH_3",59,"DelBay","Selected","S","NEH93",NA,NA,"NEH","3",68,"F",NA,NA,"#7fcdff","DelBay_Sel_NEH",0,1,1,1,0,"DB-NEHD","Cape Shore, NJ",38.967468,-74.962118,17.3,19,"unknown","Ximing Guo","68","A,M,G",20.88,43.29,-2.47,19,0,19.5,156,1960,3,"1960",3,"14","unknown","rotational_crossing","unknown","Long Island Sound, NY","high_salinity","survival_dermo_msx_hatchery","large_oysters","All NEH lines were derived from Long Island Sound. NH and other NEH core sublines received new genetic materials from Long Island Sound. They were maintained by rotational crossing with larger Ne (about 50) to minimize inbreeding. NEH93 is a core NEH subline, same as NH but two generations further than NH.","Long Island Sound","Long Island Sound","none",11,"DB-NEHD","(kept at Cape Shore HS)","selected","#9e9ac8",16
"63","14_DelBay_Sel_NEH","NEH_4",21,"NEH_4",60,"DelBay","Selected","S","NEH93",NA,NA,"NEH","4",72,"M",NA,NA,"#7fcdff","DelBay_Sel_NEH",0,1,1,1,0,"DB-NEHD","Cape Shore, NJ",38.967468,-74.962118,17.3,19,"unknown","Ximing Guo","72","A,M,G",20.88,43.29,-2.47,19,0,19.5,156,1960,3,"1960",3,"14","unknown","rotational_crossing","unknown","Long Island Sound, NY","high_salinity","survival_dermo_msx_hatchery","large_oysters","All NEH lines were derived from Long Island Sound. NH and other NEH core sublines received new genetic materials from Long Island Sound. They were maintained by rotational crossing with larger Ne (about 50) to minimize inbreeding. NEH93 is a core NEH subline, same as NH but two generations further than NH.","Long Island Sound","Long Island Sound","none",11,"DB-NEHD","(kept at Cape Shore HS)","selected","#9e9ac8",16
"64","14_DelBay_Sel_NEH","NEH_5",22,"NEH_5",61,"DelBay","Selected","S","NEH93",NA,NA,"NEH","5",72,NA,"no gonadal material",NA,"#7fcdff","DelBay_Sel_NEH",0,1,1,1,0,"DB-NEHD","Cape Shore, NJ",38.967468,-74.962118,17.3,19,"unknown","Ximing Guo","72","A,M,G",20.88,43.29,-2.47,19,0,19.5,156,1960,3,"1960",3,"14","unknown","rotational_crossing","unknown","Long Island Sound, NY","high_salinity","survival_dermo_msx_hatchery","large_oysters","All NEH lines were derived from Long Island Sound. NH and other NEH core sublines received new genetic materials from Long Island Sound. They were maintained by rotational crossing with larger Ne (about 50) to minimize inbreeding. NEH93 is a core NEH subline, same as NH but two generations further than NH.","Long Island Sound","Long Island Sound","none",11,"DB-NEHD","(kept at Cape Shore HS)","selected","#9e9ac8",16
"65","14_DelBay_Sel_NEH","NEH_6",23,"NEH_6",62,"DelBay","Selected","S","NEH93",NA,NA,"NEH","6",72,"M?",NA,NA,"#7fcdff","DelBay_Sel_NEH",0,1,1,1,0,"DB-NEHD","Cape Shore, NJ",38.967468,-74.962118,17.3,19,"unknown","Ximing Guo","72","A,M,G",20.88,43.29,-2.47,19,0,19.5,156,1960,3,"1960",3,"14","unknown","rotational_crossing","unknown","Long Island Sound, NY","high_salinity","survival_dermo_msx_hatchery","large_oysters","All NEH lines were derived from Long Island Sound. NH and other NEH core sublines received new genetic materials from Long Island Sound. They were maintained by rotational crossing with larger Ne (about 50) to minimize inbreeding. NEH93 is a core NEH subline, same as NH but two generations further than NH.","Long Island Sound","Long Island Sound","none",11,"DB-NEHD","(kept at Cape Shore HS)","selected","#9e9ac8",16
"87","19_Inbred_RU_NG","NG_NH0H4",87,"NG_NH0H4",63,"RU Inbred",NA,"I","RU Inbred",NA,NA,"NG","NH0H4",NA,NA,"parent - female",NA,"#9c0000","Inbred_RU_NG",0,0,1,1,0,NA,NA,NA,NA,NA,NA,NA,NA,NA,NA,NA,NA,NA,NA,NA,NA,NA,NA,NA,NA,NA,NA,NA,NA,NA,NA,NA,NA,NA,NA,NA,NA,NA,13,"DB-NEHS","(selfing)","inbred","#dadaeb",13
"88","19_Inbred_RU_NG","NG_NH2F6",88,"NG_NH2F6",64,"RU Inbred",NA,"I","RU Inbred",NA,NA,"NG","NH2F6",NA,"F","selfing progeny - female",NA,"#9c0000","Inbred_RU_NG",0,0,1,0,0,"DB-NEHS","Cape Shore, NJ",38.967468,-74.962118,17.3,19,"unknown","Ximing Guo","not provided","not provided",20.88,43.29,-2.47,19,0,19.5,156,1960,3,"1960",3,"12","unknown","rotational_crossing","unknown","Long Island Sound, NY","high_salinity","survival_dermo_msx_hatchery","large_oysters","All NEH lines were derived from Long Island Sound. NH and other NEH core sublines received new genetic materials from Long Island Sound. They were maintained by rotational crossing with larger Ne (about 50) to minimize inbreeding. NEH93 is a core NEH subline, same as NH but two generations further than NH.","Long Island Sound","Long Island Sound","none",13,"DB-NEHS","(selfing)","inbred","#dadaeb",13
"89","19_Inbred_RU_NG","NG_NH2F8",89,"NG_NH2F8",65,"RU Inbred",NA,"I","RU Inbred",NA,NA,"NG","NH2F8",NA,"F","selfing progeny - female",NA,"#9c0000","Inbred_RU_NG",0,0,1,0,0,"DB-NEHS","Cape Shore, NJ",38.967468,-74.962118,17.3,19,"unknown","Ximing Guo","not provided","not provided",20.88,43.29,-2.47,19,0,19.5,156,1960,3,"1960",3,"12","unknown","rotational_crossing","unknown","Long Island Sound, NY","high_salinity","survival_dermo_msx_hatchery","large_oysters","All NEH lines were derived from Long Island Sound. NH and other NEH core sublines received new genetic materials from Long Island Sound. They were maintained by rotational crossing with larger Ne (about 50) to minimize inbreeding. NEH93 is a core NEH subline, same as NH but two generations further than NH.","Long Island Sound","Long Island Sound","none",13,"DB-NEHS","(selfing)","inbred","#dadaeb",13
"90","19_Inbred_RU_NG","NG_NH2M1",90,"NG_NH2M1",66,"RU Inbred",NA,"I","RU Inbred",NA,NA,"NG","NH2M1",NA,"M","selfing progeny - male",NA,"#9c0000","Inbred_RU_NG",0,0,1,0,0,"DB-NEHS","Cape Shore, NJ",38.967468,-74.962118,17.3,19,"unknown","Ximing Guo","not provided","not provided",20.88,43.29,-2.47,19,0,19.5,156,1960,3,"1960",3,"12","unknown","rotational_crossing","unknown","Long Island Sound, NY","high_salinity","survival_dermo_msx_hatchery","large_oysters","All NEH lines were derived from Long Island Sound. NH and other NEH core sublines received new genetic materials from Long Island Sound. They were maintained by rotational crossing with larger Ne (about 50) to minimize inbreeding. NEH93 is a core NEH subline, same as NH but two generations further than NH.","Long Island Sound","Long Island Sound","none",13,"DB-NEHS","(selfing)","inbred","#dadaeb",13
"78","18_Louisiana_Sel","OBOYS2_1",54,"OBOYS2_1",67,"Louisiana","Selected","S","OBOYS2",NA,NA,"OBOYS2","1",130,"F","polydora in shell -  meats dry not a lot of hemolymph - very hard to shuck",NA,"#1da2d8","Louisiana_Sel",0,0,1,1,0,"LA-OBOY","Calcasieu Lake, LA",29.815556,-93.348889,13.1,22,"unknown","Jerome La Peyre","130","A,M,G",22.22,31.52,9.99,18.3,0,42.8,218.5,1960,2,"none",0,"3","unknown","unknown","unknown","unknown","high_salinity","survival_dermo_field_lab","large_oysters","The oyster stock named ïOBOYÍ, selectively bred for dermo-resis-
tance in Grand Isle, consists of the descendants of large oysters, collect- ed in 1999, from a dermo endemic area (i.e., Oyster Bayou, Cameron Parish, 29.7941ÁN; 93.3872ÁW). The stock progeny has been challenged in the field (F0) and in the laboratory (F1 and F2) with P. marinus for two subsequent generations (Leonhardt et al., 2017).","Oyster Bayou, Cameron Parish, LA","Grand Isle, LA","salinity in ppt",16,"LA-OBOY","(kept at Calcasieu Lake HS)","selected","#fd8d3c",16
"79","18_Louisiana_Sel","OBOYS2_2",55,"OBOYS2_2",68,"Louisiana","Selected","S","OBOYS2",NA,NA,"OBOYS2","2",150,"F","polydora in shell -  meats dry not a lot of hemolymph - very hard to shuck",NA,"#1da2d8","Louisiana_Sel",0,0,1,1,0,"LA-OBOY","Calcasieu Lake, LA",29.815556,-93.348889,13.1,22,"unknown","Jerome La Peyre","150","A,M,G",22.22,31.52,9.99,18.3,0,42.8,218.5,1960,2,"none",0,"3","unknown","unknown","unknown","unknown","high_salinity","survival_dermo_field_lab","large_oysters","The oyster stock named ïOBOYÍ, selectively bred for dermo-resis-
tance in Grand Isle, consists of the descendants of large oysters, collect- ed in 1999, from a dermo endemic area (i.e., Oyster Bayou, Cameron Parish, 29.7941ÁN; 93.3872ÁW). The stock progeny has been challenged in the field (F0) and in the laboratory (F1 and F2) with P. marinus for two subsequent generations (Leonhardt et al., 2017).","Oyster Bayou, Cameron Parish, LA","Grand Isle, LA","salinity in ppt",16,"LA-OBOY","(kept at Calcasieu Lake HS)","selected","#fd8d3c",16
"80","18_Louisiana_Sel","OBOYS2_3",56,"OBOYS2_3",69,"Louisiana","Selected","S","OBOYS2",NA,NA,"OBOYS2","3",122,"M","polydora in shell -  meats dry not a lot of hemolymph - very hard to shuck",NA,"#1da2d8","Louisiana_Sel",0,0,1,0,0,"LA-OBOY","Calcasieu Lake, LA",29.815556,-93.348889,13.1,22,"unknown","Jerome La Peyre","122","A,M,G",22.22,31.52,9.99,18.3,0,42.8,218.5,1960,2,"none",0,"3","unknown","unknown","unknown","unknown","high_salinity","survival_dermo_field_lab","large_oysters","The oyster stock named ïOBOYÍ, selectively bred for dermo-resis-
tance in Grand Isle, consists of the descendants of large oysters, collect- ed in 1999, from a dermo endemic area (i.e., Oyster Bayou, Cameron Parish, 29.7941ÁN; 93.3872ÁW). The stock progeny has been challenged in the field (F0) and in the laboratory (F1 and F2) with P. marinus for two subsequent generations (Leonhardt et al., 2017).","Oyster Bayou, Cameron Parish, LA","Grand Isle, LA","salinity in ppt",16,"LA-OBOY","(kept at Calcasieu Lake HS)","selected","#fd8d3c",16
"81","18_Louisiana_Sel","OBOYS2_4",57,"OBOYS2_4",70,"Louisiana","Selected","S","OBOYS2",NA,NA,"OBOYS2","4",127,"M","polydora in shell -  meats dry not a lot of hemolymph - very hard to shuck",NA,"#1da2d8","Louisiana_Sel",0,0,1,0,0,"LA-OBOY","Calcasieu Lake, LA",29.815556,-93.348889,13.1,22,"unknown","Jerome La Peyre","127","A,M,G",22.22,31.52,9.99,18.3,0,42.8,218.5,1960,2,"none",0,"3","unknown","unknown","unknown","unknown","high_salinity","survival_dermo_field_lab","large_oysters","The oyster stock named ïOBOYÍ, selectively bred for dermo-resis-
tance in Grand Isle, consists of the descendants of large oysters, collect- ed in 1999, from a dermo endemic area (i.e., Oyster Bayou, Cameron Parish, 29.7941ÁN; 93.3872ÁW). The stock progeny has been challenged in the field (F0) and in the laboratory (F1 and F2) with P. marinus for two subsequent generations (Leonhardt et al., 2017).","Oyster Bayou, Cameron Parish, LA","Grand Isle, LA","salinity in ppt",16,"LA-OBOY","(kept at Calcasieu Lake HS)","selected","#fd8d3c",16
"82","18_Louisiana_Sel","OBOYS2_5",58,"OBOYS2_5",71,"Louisiana","Selected","S","OBOYS2",NA,NA,"OBOYS2","5",144,"F","polydora in shell -  meats dry not a lot of hemolymph - very hard to shuck",NA,"#1da2d8","Louisiana_Sel",0,0,1,1,0,"LA-OBOY","Calcasieu Lake, LA",29.815556,-93.348889,13.1,22,"unknown","Jerome La Peyre","144","A,M,G",22.22,31.52,9.99,18.3,0,42.8,218.5,1960,2,"none",0,"3","unknown","unknown","unknown","unknown","high_salinity","survival_dermo_field_lab","large_oysters","The oyster stock named ïOBOYÍ, selectively bred for dermo-resis-
tance in Grand Isle, consists of the descendants of large oysters, collect- ed in 1999, from a dermo endemic area (i.e., Oyster Bayou, Cameron Parish, 29.7941ÁN; 93.3872ÁW). The stock progeny has been challenged in the field (F0) and in the laboratory (F1 and F2) with P. marinus for two subsequent generations (Leonhardt et al., 2017).","Oyster Bayou, Cameron Parish, LA","Grand Isle, LA","salinity in ppt",16,"LA-OBOY","(kept at Calcasieu Lake HS)","selected","#fd8d3c",16
"83","18_Louisiana_Sel","OBOYS2_6",59,"OBOYS2_6",72,"Louisiana","Selected","S","OBOYS2",NA,NA,"OBOYS2","6",128,"F","polydora in shell -  meats dry not a lot of hemolymph - very hard to shuck",NA,"#1da2d8","Louisiana_Sel",0,0,1,1,0,"LA-OBOY","Calcasieu Lake, LA",29.815556,-93.348889,13.1,22,"unknown","Jerome La Peyre","128","A,M,G",22.22,31.52,9.99,18.3,0,42.8,218.5,1960,2,"none",0,"3","unknown","unknown","unknown","unknown","high_salinity","survival_dermo_field_lab","large_oysters","The oyster stock named ïOBOYÍ, selectively bred for dermo-resis-
tance in Grand Isle, consists of the descendants of large oysters, collect- ed in 1999, from a dermo endemic area (i.e., Oyster Bayou, Cameron Parish, 29.7941ÁN; 93.3872ÁW). The stock progeny has been challenged in the field (F0) and in the laboratory (F1 and F2) with P. marinus for two subsequent generations (Leonhardt et al., 2017).","Oyster Bayou, Cameron Parish, LA","Grand Isle, LA","salinity in ppt",16,"LA-OBOY","(kept at Calcasieu Lake HS)","selected","#fd8d3c",16
"37","07_Louisiana_SL","SL_1",42,"SL_1",73,"Louisiana",NA,"W","Sister Lake",NA,NA,"SL","1",118,"F","RIBBED MUSSELS AND BARNACLES ATTACHED. VERY THICK SHELL W/ THIN WATERY MEATS",7,"#5d4a36","Louisiana_SL",0,0,1,1,1,"LA-LSSL","Caillou Lake, LA",29.249167,-90.937778,29,12,"9/5/17","Jerome La Peyre","118","A,M,G",22.69,31.62,10.08,11.52,0,47,251.6,1960,2,"none",0,"none","none","none","none","none","none","none","none","none","wild","none","none",8,"LA-LSSL","(Sister Lake)","wild","#fdae6b",17
"38","07_Louisiana_SL","SL_2",43,"SL_2",74,"Louisiana",NA,"W","Sister Lake",NA,NA,"SL","2",160,"F","RIBBED MUSSELS AND BARNACLES ATTACHED. VERY THICK SHELL W/ THIN WATERY MEATS",7,"#5d4a36","Louisiana_SL",0,0,1,1,1,"LA-LSSL","Caillou Lake, LA",29.249167,-90.937778,29,12,"9/5/17","Jerome La Peyre","160","A,M,G",22.69,31.62,10.08,11.52,0,47,251.6,1960,2,"none",0,"none","none","none","none","none","none","none","none","none","wild","none","none",8,"LA-LSSL","(Sister Lake)","wild","#fdae6b",17
"39","07_Louisiana_SL","SL_3",44,"SL_3",75,"Louisiana",NA,"W","Sister Lake",NA,NA,"SL","3",128,"F","RIBBED MUSSELS AND BARNACLES ATTACHED. VERY THICK SHELL W/ THIN WATERY MEATS",7,"#5d4a36","Louisiana_SL",0,0,1,1,1,"LA-LSSL","Caillou Lake, LA",29.249167,-90.937778,29,12,"9/5/17","Jerome La Peyre","128","A,M,G",22.69,31.62,10.08,11.52,0,47,251.6,1960,2,"none",0,"none","none","none","none","none","none","none","none","none","wild","none","none",8,"LA-LSSL","(Sister Lake)","wild","#fdae6b",17
"40","07_Louisiana_SL","SL_4",45,"SL_4",76,"Louisiana",NA,"W","Sister Lake",NA,NA,"SL","4",110,"F","RIBBED MUSSELS AND BARNACLES ATTACHED. VERY THICK SHELL W/ THIN WATERY MEATS",7,"#5d4a36","Louisiana_SL",0,0,1,1,1,"LA-LSSL","Caillou Lake, LA",29.249167,-90.937778,29,12,"9/5/17","Jerome La Peyre","110","A,M,G",22.69,31.62,10.08,11.52,0,47,251.6,1960,2,"none",0,"none","none","none","none","none","none","none","none","none","wild","none","none",8,"LA-LSSL","(Sister Lake)","wild","#fdae6b",17
"41","07_Louisiana_SL","SL_5",46,"SL_5",77,"Louisiana",NA,"W","Sister Lake",NA,NA,"SL","5",112,"F","RIBBED MUSSELS AND BARNACLES ATTACHED. VERY THICK SHELL W/ THIN WATERY MEATS",7,"#5d4a36","Louisiana_SL",0,0,1,1,1,"LA-LSSL","Caillou Lake, LA",29.249167,-90.937778,29,12,"9/5/17","Jerome La Peyre","112","A,M,G",22.69,31.62,10.08,11.52,0,47,251.6,1960,2,"none",0,"none","none","none","none","none","none","none","none","none","wild","none","none",8,"LA-LSSL","(Sister Lake)","wild","#fdae6b",17
"42","07_Louisiana_SL","SL_6",47,"SL_6",78,"Louisiana",NA,"W","Sister Lake",NA,NA,"SL","6",122,"F","RIBBED MUSSELS AND BARNACLES ATTACHED. VERY THICK SHELL W/ THIN WATERY MEATS",7,"#5d4a36","Louisiana_SL",0,0,1,1,1,"LA-LSSL","Caillou Lake, LA",29.249167,-90.937778,29,12,"9/5/17","Jerome La Peyre","122","A,M,G",22.69,31.62,10.08,11.52,0,47,251.6,1960,2,"none",0,"none","none","none","none","none","none","none","none","none","wild","none","none",8,"LA-LSSL","(Sister Lake)","wild","#fdae6b",17
"7","02_Maine_SM","SM_10",33,"SM_10",79,"Maine","Low","W","Sherman Marsh",NA,NA,"SM","10",143,"F","NOT A LOT OF EGGS",2,"#77c442","Maine_SM",1,0,1,1,1,"ME-LSSM","Sherman Marsh/Sheepscot River, ME",44.0141558,-69.5949957,14,28,"8/23/17","Jose Fernandez-Robledo","143","A,M,G",10.66,29,-4,2.52,9.8,180.1,235.7,1990,1,"2000",2,"none","none","none","none","none","none","none","none","none","wild","none","none",2,"ME-LSSM","(Low salinity Sherman Marsh )Ê","wild","#7a0177",17
"8","02_Maine_SM","SM_11",34,"SM_11",80,"Maine","Low","W","Sherman Marsh",NA,NA,"SM","11",223,"F","NOT A LOT OF EGGS",2,"#77c442","Maine_SM",1,0,1,1,1,"ME-LSSM","Sherman Marsh/Sheepscot River, ME",44.0141558,-69.5949957,14,28,"8/23/17","Jose Fernandez-Robledo","223","A,M,G",10.66,29,-4,2.52,9.8,180.1,235.7,1990,1,"2000",2,"none","none","none","none","none","none","none","none","none","wild","none","none",2,"ME-LSSM","(Low salinity Sherman Marsh )Ê","wild","#7a0177",17
"9","02_Maine_SM","SM_12",35,"SM_12",81,"Maine","Low","W","Sherman Marsh",NA,NA,"SM","12",155,"M?","HARD TO SEX - NOT A LOT OF GONADAL MATERIAL",2,"#77c442","Maine_SM",1,0,1,1,1,"ME-LSSM","Sherman Marsh/Sheepscot River, ME",44.0141558,-69.5949957,14,28,"8/23/17","Jose Fernandez-Robledo","155","A,M,G",10.66,29,-4,2.52,9.8,180.1,235.7,1990,1,"2000",2,"none","none","none","none","none","none","none","none","none","wild","none","none",2,"ME-LSSM","(Low salinity Sherman Marsh )Ê","wild","#7a0177",17
"10","02_Maine_SM","SM_7",30,"SM_7",82,"Maine","Low","W","Sherman Marsh",NA,NA,"SM","7",117,"M",NA,2,"#77c442","Maine_SM",1,0,1,1,1,"ME-LSSM","Sherman Marsh/Sheepscot River, ME",44.0141558,-69.5949957,14,28,"8/23/17","Jose Fernandez-Robledo","117","A,M,G",10.66,29,-4,2.52,9.8,180.1,235.7,1990,1,"2000",2,"none","none","none","none","none","none","none","none","none","wild","none","none",2,"ME-LSSM","(Low salinity Sherman Marsh )Ê","wild","#7a0177",17
"11","02_Maine_SM","SM_8",31,"SM_8",83,"Maine","Low","W","Sherman Marsh",NA,NA,"SM","8",83,"M?","HARD TO SEX - NOT A LOT OF GONADAL MATERIAL",2,"#77c442","Maine_SM",1,0,1,1,1,"ME-LSSM","Sherman Marsh/Sheepscot River, ME",44.0141558,-69.5949957,14,28,"8/23/17","Jose Fernandez-Robledo","83","A,M,G",10.66,29,-4,2.52,9.8,180.1,235.7,1990,1,"2000",2,"none","none","none","none","none","none","none","none","none","wild","none","none",2,"ME-LSSM","(Low salinity Sherman Marsh )Ê","wild","#7a0177",17
"12","02_Maine_SM","SM_9",32,"SM_9",84,"Maine","Low","W","Sherman Marsh",NA,NA,"SM","9",147,"M",NA,2,"#77c442","Maine_SM",1,0,1,1,1,"ME-LSSM","Sherman Marsh/Sheepscot River, ME",44.0141558,-69.5949957,14,28,"8/23/17","Jose Fernandez-Robledo","147","A,M,G",10.66,29,-4,2.52,9.8,180.1,235.7,1990,1,"2000",2,"none","none","none","none","none","none","none","none","none","wild","none","none",2,"ME-LSSM","(Low salinity Sherman Marsh )Ê","wild","#7a0177",17
"54","13_Maine_Sel_UMFS","UMFS_1",24,"UMFS_1",85,"Maine","Selected","S","UMFS",NA,NA,"UMFS","1",114,"M",NA,NA,"#76b6c4","Maine_Sel_UMFS",0,1,1,1,0,"ME-UMFS","Upper Damariscotta River Estuary, ME",43.998136,-69.542432,15.96,30,"8/22/17","Paul Rawson","114","A,M,G",15.96,26.15,2.08,30,0,35.75,138,1990,1,"2000",2,"10","unknown","twice","2","Natives from Flowers Oyster Bay,  NY","high_salinity","ROD","large_oysters","Originally Frank M Flowers Co. oysters that had been selected informally for fast growth were sent as broodstock. ROD endemic to upper Damariscotta river (growout site). Thus, the line was selected for cold water growth performance and resistance to ROD over time. After obtaining from Frank M. Flowers, _After two generations of size-based truncation selection, the University ofMaine Flowers Select line (UMFS) demonstrated significantly better growth when compared to control, non-selected animals from the same founding population and to local wild stocks of oysters (Sheepscot River, ME). ","Frank M. Flowers Oyster Company, Oyster Bay Long Island, NY. Though other founders originally (MSX line from RU and native oysters from Sheepscot River, ME), by late 1990's only the Flowers line was actively propagated.","2","none",10,"ME-UMFS","","selected","#f768a1",16
"55","13_Maine_Sel_UMFS","UMFS_2",25,"UMFS_2",86,"Maine","Selected","S","UMFS",NA,NA,"UMFS","2",111,"M",NA,NA,"#76b6c4","Maine_Sel_UMFS",0,1,1,1,0,"ME-UMFS","Upper Damariscotta River Estuary, ME",43.998136,-69.542432,15.96,30,"8/22/17","Paul Rawson","111","A,M,G",15.96,26.15,2.08,30,0,35.75,138,1990,1,"2000",2,"10","unknown","twice","2","Natives from Flowers Oyster Bay,  NY","high_salinity","ROD","large_oysters","Originally Frank M Flowers Co. oysters that had been selected informally for fast growth were sent as broodstock. ROD endemic to upper Damariscotta river (growout site). Thus, the line was selected for cold water growth performance and resistance to ROD over time. After obtaining from Frank M. Flowers, _After two generations of size-based truncation selection, the University ofMaine Flowers Select line (UMFS) demonstrated significantly better growth when compared to control, non-selected animals from the same founding population and to local wild stocks of oysters (Sheepscot River, ME). ","Frank M. Flowers Oyster Company, Oyster Bay Long Island, NY. Though other founders originally (MSX line from RU and native oysters from Sheepscot River, ME), by late 1990's only the Flowers line was actively propagated.","2","none",10,"ME-UMFS","","selected","#f768a1",16
"56","13_Maine_Sel_UMFS","UMFS_3",26,"UMFS_3",87,"Maine","Selected","S","UMFS",NA,NA,"UMFS","3",104,"F",NA,NA,"#76b6c4","Maine_Sel_UMFS",0,1,1,1,0,"ME-UMFS","Upper Damariscotta River Estuary, ME",43.998136,-69.542432,15.96,30,"8/22/17","Paul Rawson","104","A,M,G",15.96,26.15,2.08,30,0,35.75,138,1990,1,"2000",2,"10","unknown","twice","2","Natives from Flowers Oyster Bay,  NY","high_salinity","ROD","large_oysters","Originally Frank M Flowers Co. oysters that had been selected informally for fast growth were sent as broodstock. ROD endemic to upper Damariscotta river (growout site). Thus, the line was selected for cold water growth performance and resistance to ROD over time. After obtaining from Frank M. Flowers, _After two generations of size-based truncation selection, the University ofMaine Flowers Select line (UMFS) demonstrated significantly better growth when compared to control, non-selected animals from the same founding population and to local wild stocks of oysters (Sheepscot River, ME). ","Frank M. Flowers Oyster Company, Oyster Bay Long Island, NY. Though other founders originally (MSX line from RU and native oysters from Sheepscot River, ME), by late 1990's only the Flowers line was actively propagated.","2","none",10,"ME-UMFS","","selected","#f768a1",16
"57","13_Maine_Sel_UMFS","UMFS_4",27,"UMFS_4",88,"Maine","Selected","S","UMFS",NA,NA,"UMFS","4",146,"M",NA,NA,"#76b6c4","Maine_Sel_UMFS",0,1,1,1,0,"ME-UMFS","Upper Damariscotta River Estuary, ME",43.998136,-69.542432,15.96,30,"8/22/17","Paul Rawson","146","A,M,G",15.96,26.15,2.08,30,0,35.75,138,1990,1,"2000",2,"10","unknown","twice","2","Natives from Flowers Oyster Bay,  NY","high_salinity","ROD","large_oysters","Originally Frank M Flowers Co. oysters that had been selected informally for fast growth were sent as broodstock. ROD endemic to upper Damariscotta river (growout site). Thus, the line was selected for cold water growth performance and resistance to ROD over time. After obtaining from Frank M. Flowers, _After two generations of size-based truncation selection, the University ofMaine Flowers Select line (UMFS) demonstrated significantly better growth when compared to control, non-selected animals from the same founding population and to local wild stocks of oysters (Sheepscot River, ME). ","Frank M. Flowers Oyster Company, Oyster Bay Long Island, NY. Though other founders originally (MSX line from RU and native oysters from Sheepscot River, ME), by late 1990's only the Flowers line was actively propagated.","2","none",10,"ME-UMFS","","selected","#f768a1",16
"58","13_Maine_Sel_UMFS","UMFS_5",28,"UMFS_5",89,"Maine","Selected","S","UMFS",NA,NA,"UMFS","5",116,"M",NA,NA,"#76b6c4","Maine_Sel_UMFS",0,1,1,1,0,"ME-UMFS","Upper Damariscotta River Estuary, ME",43.998136,-69.542432,15.96,30,"8/22/17","Paul Rawson","116","A,M,G",15.96,26.15,2.08,30,0,35.75,138,1990,1,"2000",2,"10","unknown","twice","2","Natives from Flowers Oyster Bay,  NY","high_salinity","ROD","large_oysters","Originally Frank M Flowers Co. oysters that had been selected informally for fast growth were sent as broodstock. ROD endemic to upper Damariscotta river (growout site). Thus, the line was selected for cold water growth performance and resistance to ROD over time. After obtaining from Frank M. Flowers, _After two generations of size-based truncation selection, the University ofMaine Flowers Select line (UMFS) demonstrated significantly better growth when compared to control, non-selected animals from the same founding population and to local wild stocks of oysters (Sheepscot River, ME). ","Frank M. Flowers Oyster Company, Oyster Bay Long Island, NY. Though other founders originally (MSX line from RU and native oysters from Sheepscot River, ME), by late 1990's only the Flowers line was actively propagated.","2","none",10,"ME-UMFS","","selected","#f768a1",16
"59","13_Maine_Sel_UMFS","UMFS_6",29,"UMFS_6",90,"Maine","Selected","S","UMFS",NA,NA,"UMFS","6",126,"F",NA,NA,"#76b6c4","Maine_Sel_UMFS",0,1,1,1,0,"ME-UMFS","Upper Damariscotta River Estuary, ME",43.998136,-69.542432,15.96,30,"8/22/17","Paul Rawson","126","A,M,G",15.96,26.15,2.08,30,0,35.75,138,1990,1,"2000",2,"10","unknown","twice","2","Natives from Flowers Oyster Bay,  NY","high_salinity","ROD","large_oysters","Originally Frank M Flowers Co. oysters that had been selected informally for fast growth were sent as broodstock. ROD endemic to upper Damariscotta river (growout site). Thus, the line was selected for cold water growth performance and resistance to ROD over time. After obtaining from Frank M. Flowers, _After two generations of size-based truncation selection, the University ofMaine Flowers Select line (UMFS) demonstrated significantly better growth when compared to control, non-selected animals from the same founding population and to local wild stocks of oysters (Sheepscot River, ME). ","Frank M. Flowers Oyster Company, Oyster Bay Long Island, NY. Though other founders originally (MSX line from RU and native oysters from Sheepscot River, ME), by late 1990's only the Flowers line was actively propagated.","2","none",10,"ME-UMFS","","selected","#f768a1",16
